{
    "loss": 1.1722818613052368,
    "accuracy": 0.6238095164299011
}